original_id,date_created,resource_type,specific_resource_type,specific_type,stream_type,object_content,from_id,from_username,name,content,final_sentiment,from_display_picture,media_link,link,bio,reply_to_original_id,reply_to_user_id,retweet_from_original_id,retweet_from_user_id,mentioned,audience,virality,applause,talk,timezone,location,gender,interest,score,negara,kota,provinsi,lang,userlang
'1364734936996607_1365466750256759,01/11/2018 22:24,'social_media,'facebook,'comment,'account,Datsun.indonesia ,,,,'Nah yang begini nih yang cocok buat anak muda jaman now..,2,'https://graph.facebook.com//picture,[],'https://facebook.com/1364734936996607_1365466750256759,,'275216562615122_1364734936996607,'275216562615122,,,[],0,0,0,0,,,,[],0,,,,,
'1365325680270866_1365432253593542,01/11/2018 21:59,'social_media,'facebook,'comment,'account,Datsun.indonesia ,,,,'Kasih mesin 2000cc dulu baru ngomong adventure ðŸ¤£,2,'https://graph.facebook.com//picture,[],'https://facebook.com/1365325680270866_1365432253593542,,'275216562615122_1365325680270866,'275216562615122,,,[],0,0,0,0,,,,[],0,,,,,
'1365325680270866_1365427800260654,01/11/2018 21:50,'social_media,'facebook,'comment,'account,Datsun.indonesia ,,,,"'Ngk takut lagi nih kalo mau jalan"" medan yg beratðŸ˜Ž",2,'https://graph.facebook.com//picture,[],'https://facebook.com/1365325680270866_1365427800260654,,'275216562615122_1365325680270866,'275216562615122,,,[],0,0,0,0,,,,[],0,,,,,
'1364734936996607_1365427316927369,01/11/2018 21:49,'social_media,'facebook,'comment,'account,Datsun.indonesia ,,,,'Merahnya elegan. Pas nih buat hang out bareng temen,2,'https://graph.facebook.com//picture,[],'https://facebook.com/1364734936996607_1365427316927369,,'275216562615122_1364734936996607,'275216562615122,,,[],0,0,0,0,,,,[],0,,,,,
'1365325680270866_1365409876929113,01/11/2018 21:23,'social_media,'facebook,'comment,'account,Datsun.indonesia ,,,,'Mantap N Keren..,2,'https://graph.facebook.com//picture,[],'https://facebook.com/1365325680270866_1365409876929113,,'275216562615122_1365325680270866,'275216562615122,,,[],0,0,0,0,,,,[],0,,,,,
'1365325680270866_1365372950266139,01/11/2018 20:20,'social_media,'facebook,'comment,'account,Datsun.indonesia ,,,,'Wah,-1,2,'https://graph.facebook.com//picture,[],'https://facebook.com/1365325680270866_1365372950266139,,'275216562615122_1365325680270866,'275216562615122,,,[],0,0,0,0,,,,[],0,,,,
'1365325680270866_1365370193599748,01/11/2018 20:16,'social_media,'facebook,'comment,'account,Datsun.indonesia ,,,,'Pas bgt nih Datsun Cross untuk yg punya jiwa petualang,2,'https://graph.facebook.com//picture,[],'https://facebook.com/1365325680270866_1365370193599748,,'275216562615122_1365325680270866,'275216562615122,,,[],0,0,0,0,,,,[],0,,,,,
'1364734936996607_1365369230266511,01/11/2018 20:14,'social_media,'facebook,'comment,'account,Datsun.indonesia ,,,,'Datsun for me the one and only,2,'https://graph.facebook.com//picture,[],'https://facebook.com/1364734936996607_1365369230266511,,'275216562615122_1364734936996607,'275216562615122,,,[],0,0,0,0,,,,[],0,,,,,
'1365325680270866_1365365270266907,01/11/2018 20:06,'social_media,'facebook,'comment,'account,Datsun.indonesia ,,,,'Datsun cross cocok buat adventure nih,2,'https://graph.facebook.com//picture,[],'https://facebook.com/1365325680270866_1365365270266907,,'275216562615122_1365325680270866,'275216562615122,,,[],0,0,0,0,,,,[],0,,,,,
'275216562615122_1365325680270866,01/11/2018 20:00,'social_media,'facebook,'post,'account,Datsun.indonesia ,'275216562615122,'Datsun Indonesia,'Datsun Indonesia,'Jangan batasi eksplorasi Anda bersama Datsun CROSS. Dibekali dengan peredam yang cepat merespon setiap goncangan,-1,2,'https://graph.facebook.com/275216562615122/picture,[],'https://facebook.com/275216562615122_1365325680270866,,,,,,[],0,1,8,0,,,'male,[],9,,,,
'1364734936996607_1365344883602279,01/11/2018 19:21,'social_media,'facebook,'comment,'account,Datsun.indonesia ,,,,'Mantapp. Keren banget Datsun.,2,'https://graph.facebook.com//picture,[],'https://facebook.com/1364734936996607_1365344883602279,,'275216562615122_1364734936996607,'275216562615122,,,[],0,0,0,0,,,,[],0,,,,,
'1364734936996607_1365325603604207,01/11/2018 18:39,'social_media,'facebook,'comment,'account,Datsun.indonesia ,,,,'Cool Warnanya merah,-1,2,'https://graph.facebook.com//picture,[],'https://facebook.com/1364734936996607_1365325603604207,,'275216562615122_1364734936996607,'275216562615122,,,[],0,0,0,0,,,,[],0,,,,
'1364023510401083_1365325330270901,01/11/2018 18:39,'social_media,'facebook,'comment,'account,Datsun.indonesia ,,,,'Ready min! Siap berangkat dengan All New Datsun GoðŸ˜Ž,2,'https://graph.facebook.com//picture,[],'https://facebook.com/1364023510401083_1365325330270901,,'275216562615122_1364023510401083,'275216562615122,,,[],0,0,0,0,,,,[],0,,,,,
'1363484747121626_1365325096937591,01/11/2018 18:38,'social_media,'facebook,'comment,'account,Datsun.indonesia ,,,,'Dengerin musik biar gag bosen dan ngantuk di jalan min,2,'https://graph.facebook.com//picture,[],'https://facebook.com/1363484747121626_1365325096937591,,'275216562615122_1363484747121626,'275216562615122,,,[],0,0,0,0,,,,[],0,,,,,
'1364023510401083_1365098943626873,01/11/2018 09:35,'social_media,'facebook,'comment,'account,Datsun.indonesia ,,,,'Nunggu punya kunci sendiri min ï¿½?,2,'https://graph.facebook.com//picture,[],'https://facebook.com/1364023510401083_1365098943626873,,'275216562615122_1364023510401083,'275216562615122,,,[],0,0,0,0,,,,[],0,,,,,
'1364734936996607_1365094976960603,01/11/2018 09:25,'social_media,'facebook,'comment,'account,Datsun.indonesia ,,,,'_DATSUN PUSAT_ ( JABODETABEK )    0888 1350 778      ( Call / Wa ),2,'https://graph.facebook.com//picture,[],'https://facebook.com/1364734936996607_1365094976960603,,'275216562615122_1364734936996607,'275216562615122,,,[],0,0,0,0,,,,[],0,,,,,
'1364734936996607_1364903046979796,01/11/2018 01:31,'social_media,'facebook,'comment,'account,Datsun.indonesia ,,,,'Mantap N Keren..,2,'https://graph.facebook.com//picture,[],'https://facebook.com/1364734936996607_1364903046979796,,'275216562615122_1364734936996607,'275216562615122,,,[],0,0,0,0,,,,[],0,,,,,
'1903130454741959771_4848296308,01/11/2018 23:48,'social_media,'instagram,'media,'keyword,'nissanindonesia,'fk3o_pusat,'fk3o_pusat,'fk3o_pusat,'@Regran_ed from @familyofxtrailindonesia -  Road to anniversary.. #budidalton #anniversary #foxi #familyofxtrailindonesia #xtrail #xtrailclub #charity #nissanxtrail #nissanindonesia #club #automotif #video  @foxitasikmalaya  @foxi_padang @budi_dalton_official - #FK3O,2,,"[""https://scontent.cdninstagram.com/vp/d909fe1507510110be2fbb58d7059cd9/5BDDF466/t51.2885-15/e35/43984404_292343034822621_9167857307314236693_n.jpg""]",'https://www.instagram.com/p/BppRxC8H0Rb/,,,,,,[],0,0,4,0,,,,[],4,,,,,
'1903129720553605973_344622968,01/11/2018 23:46,'social_media,'instagram,'media,'keyword,'nissanindonesia,'dikri.nasihin,'dikri.nasihin,'dikri.nasihin,'Road to Anniversary... #budidalton #anniversary #foxi #familyofxtrailindonesia #xtrail #xtrailclub #charity #nissanxtrail #nissanindonesia #club #automotif #video  @foxitasikmalaya  @foxi_padang @budi_dalton_official,2,,"[""https://scontent.cdninstagram.com/vp/35943a0b31220b58ac2cef9953d69aef/5BDDEC07/t51.2885-15/e35/44000226_1996905380370041_4765933282406997212_n.jpg""]",'https://www.instagram.com/p/BppRmXLFgtV/,,,,,,[],0,0,3,0,,,,[],3,,,,,
'1903108406208581605_186871447,01/11/2018 23:03,'social_media,'instagram,'media,'keyword,'nissanindonesia,'ferllygunawan,'ferllygunawan,'ferllygunawan,'Fast Sale ! Used Cars Nissan Fairlady 350Z A/T cabriolet buildUp japan tahun: 2005 HANYA ADA 5 UNIT DI INDONESIA!! RARE!!! KM asli: 26.xxx mobil full original  plat : BM 350 ZZ  spek modif mesin : Knalpot: HKS (36jt) openfilter: HKS (8jt) Dastek Q+ ,-1, Idrive (12jt) header: HKS (7jt) battery: Amaron (1.2jt) Strutbar: nismo (2.8jt) spek kaki2:  Coilover : HKS hypermax (27jt) Velg 20inch Original HRE 591R lebar 8 9. (108jt) Brembo depan 320mm 4pot (43jt)  brembo belakang 300mm 2pot ( 38jt) Ban depan: Toyo T1 sport 245/35/20 (6.2jt) ban belakang: Toyo T1 sport 285/30/20 (6.2jt)  Ban baru ganti  spek audio:  3way gramond (12jt)  HU: alpine DVA 9861E (6jt)  processor: alpine pxa H700 (11jt) Power: Xseries ( 8jt) capasitor: Batcap (4jt) Total modif : 300an jt NB: Barang standart lengkap semua Price: 760.000.000 Nego sampai jadi ï¿½? Please Call Or WA For Special Offer ! ðŸ™‡ 0816697699 / 0811997177 ðŸ“² #Nissan #350Z #370Z #Fairlady #Fairlady370Z #Nissan370Z #NissanFairlady370Z #NissanClub #NissanClubIndonesia #NissanJakarta #NissanIndonesia #CarGram #CarLifeStyle,2,,"[""https://scontent.cdninstagram.com/vp/55ea4844f0c75b87ff6b8d15dbd955fe/5C6885EB/t51.2885-15/sh0.08/e35/p640x640/44436323_140626906902041_1609064262590144673_n.jpg""]",'https://www.instagram.com/p/BppMwMpH0_l/,,,,,,[],0,0,53,0,,,,[],53,,,
'1903091500193855400_2291467615,01/11/2018 22:30,'social_media,'instagram,'media,'keyword,'nissanindonesia,'rendrajagantara_foxi001,'rendrajagantara_foxi001,'rendrajagantara_foxi001,'@Regran_ed from @familyofxtrailindonesia -  Road to anniversary.. #budidalton #anniversary #foxi #familyofxtrailindonesia #xtrail #xtrailclub #charity #nissanxtrail #nissanindonesia #club #automotif  @foxitasikmalaya  @foxi_padang @budi_dalton_official - #regrann,2,,"[""https://scontent.cdninstagram.com/vp/a53b6ef93f34d518ae92833bef0b7e22/5BDE0B31/t51.2885-15/e35/43915130_1771220806333405_6786089064281138862_n.jpg""]",'https://www.instagram.com/p/BppI6LsHreo/,,,,,,[],0,0,4,0,,,,[],4,,,,,
'1903079028202577321_8760249940,01/11/2018 22:05,'social_media,'instagram,'media,'keyword,'nissanindonesia,'ruly590,'ruly590,'ruly590,'#toyota #honda #subaru #mazda #nissan #Mitshubishi #ford #dahaitsu #suzuki #chivrolet #audi #ferrari #bmw #mercedes #hondaindonesia #jaguar #anaksmahits #anaksmaid  #anakhitskekinian #toyotaindonesia #modifikasicantik #modifikasi_cantik #modifikasi_kejam #nissanindonesia #otomotifindonesia #otomotifzone #otomotif #volkswagenindonesia #volkswagen #isuzu,2,,"[""https://scontent.cdninstagram.com/vp/d88ff0a94e2490342cbdf1debddfb538/5C885E8A/t51.2885-15/sh0.08/e35/s640x640/43638143_1063589353812015_1639551814861593636_n.jpg""]",'https://www.instagram.com/p/BppGEsPgp2p/,,,,,,[],0,0,14,0,,,,[],14,,,,,
'1903076119882493129_6449160938,01/11/2018 22:00,'social_media,'instagram,'media,'keyword,'nissanindonesia,'foxitasikmalaya,'foxitasikmalaya,'foxitasikmalaya,'#Repost @familyofxtrailindonesia â€¢ â€¢ â€¢ â€¢ â€¢ Road to anniversary.. #budidalton #anniversary #foxi #familyofxtrailindonesia #xtrail #xtrailclub #charity #nissanxtrail #nissanindonesia #club #automotif  @foxitasikmalaya  @foxi_padang @budi_dalton_official,2,,"[""https://scontent.cdninstagram.com/vp/3c4b37a76f6a464d3a90781a6fa71347/5BDD340F/t51.2885-15/e35/43984810_377330929673746_3319950343820441351_n.jpg""]",'https://www.instagram.com/p/BppFaXqH-zJ/,,,,,,[],0,0,3,0,,,,[],3,,,,,
'1903068659171787198_2250194523,01/11/2018 21:46,'social_media,'instagram,'media,'keyword,'nissanindonesia,'familyofxtrailindonesia,'familyofxtrailindonesia,'familyofxtrailindonesia,'Road to anniversary.. #budidalton #anniversary #foxi #familyofxtrailindonesia #xtrail #xtrailclub #charity #nissanxtrail #nissanindonesia #club #automotif #video  @foxitasikmalaya  @foxi_padang @budi_dalton_official,2,,"[""https://scontent.cdninstagram.com/vp/054f88e37e363a5793c75ba3d13d27aa/5BDE0D30/t51.2885-15/sh0.08/e35/s640x640/43986187_2176674399261645_7701352030527578218_n.jpg""]",'https://www.instagram.com/p/BppDtzVHQG-/,,,,,,[],0,0,25,0,,,,[],25,,,,,
'1903062948105135044_8746575558,01/11/2018 21:33,'social_media,'instagram,'media,'keyword,'nissanindonesia,'wmmt_drestadd,'wmmt_drestadd,'wmmt_drestadd,'After PvP-2nd Run R34 NÃ¼r's JPC done by @drestadd.arts Ranked up to Shop Grade 16 350Z shuttle run done by Jeannelys-chan #wmmtid #maximumtuneindonesia #wmmt5dxplusindonesia #nissanindonesia #nissan350znismo #gtrownersclubindonesia #eurobeatintensifies #legend #jdm #instagamer,2,,"[""https://scontent.cdninstagram.com/vp/04d3d1e356a974a9446a83367fab81d2/5C83408D/t51.2885-15/sh0.08/e35/s640x640/45302575_149741289318127_1336452084179657353_n.jpg""]",'https://www.instagram.com/p/BppCasfA6PE/,,,,,,[],0,0,5,0,,,,[],5,,,,,
'1903031335165907637_8746575558,01/11/2018 20:30,'social_media,'instagram,'media,'keyword,'nissanindonesia,'wmmt_drestadd,'wmmt_drestadd,'wmmt_drestadd,'2ND RUN 1st round:Jeannelys(Evo IX Kobayakawa ver) VS @drestadd.arts(R34 NÃ¼r God Foot ver).R34 WINS 2nd Round:@drestadd.arts VS Arizu(M3 E46).R34 WINS 3rd round:Jeannelys(350Z Blackbird-MT3DX+ Ver) VS Arizu(R32 Nakazato Takeshi ver. for trial run).350Z WINS 4th round:Jeannelys(RX8) VS Arizu(M3 E46) VS @drestadd.arts(Evo VIII).EVO VIII WINS After PvP races soon P.S.:Sorry 4th pic was dark #wmmt5dxplusindonesia #wmmtid #artistvsartist #artistbattle #instagamer #maximumtuneindonesia #bmwcarclubindonesia #gtrownersclubindonesia #nissanindonesia #mazdaspeedrx8 #mazdaindonesia #mitsubishiindonesia #lancerevolution #bmwindonesia #wmmt5dxplusindonesia #initiald #eurobeatintensifies #jdm #wanganmidnight #friendgoals #squadgoals,2,,"[""https://scontent.cdninstagram.com/vp/b64bab52f417c4437a4de8b76990580b/5C69D44F/t51.2885-15/sh0.08/e35/s640x640/43265670_469488580206398_1473748786350100751_n.jpg""]",'https://www.instagram.com/p/Bpo7OqpAFK1/,,,,,,[],0,0,12,0,,,,[],12,,,,,
'1902963335314484383_8746575558,01/11/2018 18:15,'social_media,'instagram,'media,'keyword,'nissanindonesia,'wmmt_drestadd,'wmmt_drestadd,'wmmt_drestadd,'1st run! 1st PvP and shuttle:Arizu-chan(drove my Evo 8 for trial run) 2nd battle:@drestadd.arts(R32) VS Jeannelys(RX8).GTR R32 Won the rematch and got the special ghost #wmmt5dxplusindonesia #maximumtuneindonesia #wmmtid #wmmt5dxplus #instagamer #artistbattle #artistvsartist #bmwcarclubindonesia #gtrownersclubindonesia #bmwindonesia #nissanindonesia #mazdaspeedrx8 #mazdaindonesia #mitsubishiindonesia #lancerevolution,2,,"[""https://scontent.cdninstagram.com/vp/1f2b45e412508075de334d952d037924/5C68E8BB/t51.2885-15/sh0.08/e35/s640x640/44906494_1856261221096462_7920977931112188459_n.jpg""]",'https://www.instagram.com/p/BporxI2Ayyf/,,,,,,[],0,0,5,0,,,,[],5,,,,,
'1902941787532347420_2203054778,01/11/2018 17:32,'social_media,'instagram,'media,'keyword,'nissanindonesia,'nissanjakartaonlineshop,'nissanjakartaonlineshop,'nissanjakartaonlineshop,"'# BEST PROMO NISSAN NEW GRAND LIVINA SPECIAL VERSION 2018 # SV MT OTR 221.800.000  TDP  3.800.000 Angsuran 4.864.000 (60x) ALLRISK SV CVT OTR 233.900.000  TDP  5.700.000 Angsuran 5.129.000 (60x) ALLRISK XV MT OTR 239.700.000  TDP  6.600.000 Angsuran 5.257.000 (60x) ALLRISK XV CVT OTR 251.600.000  TDP  8.500.000 Angsuran 5.515.000 (60x) ALLRISK # HITUNGAN DAPAT DISESUAIKAN DENGAN PERMINTAAN KONSUMEN # # SYARAT KREDIT : KTP, NPWP, KK, PBB, slip gaji, rektab 3 bln terakhir # # DITOLAK LEASING BOOKING FEE KEMBALI 100% # Including Package Purchase â™¢ Karpet Standar â™¢ Kaca Film Solar Guard â™¢ ANTI KARAT â™¢ Free service 1rb s/d 50rb KM â™¢ Garansi Mesin 3th/100rb KM â™¢ Garansi Kelistrikan 1th INGIN PENAWARAN YANG ""LEBIH"" MENARIK ?  INGIN TAU ""DISCOUNT"" NYA ? Spesifikasi, Pemesanan dan Test Drive :Â  WA : 0817 7668 2190 â˜† Authorized Nissan Dealer #nissanindonesia #nissanid #autonetmagz #autobild #promonissan #salesnissan #kreditnissan #promojakarta #nissanjakartatimur #nissanjakartaselatan #viralindonesia #bengkelnissan #asesorisnissan #jualnissan #mobilbaru #mobilbekas #mobilkamu #promomobilmurah #promokreditmurah #mobilmurahjakarta #mobil123 #mobilmurah #viraljakarta #otosia #modifikasi #diskonnissan #gravinci #nissanjakarta",2,,"[""https://scontent.cdninstagram.com/vp/a24ddc97e71bd47a9dbfcee20efd1d55/5C762DAA/t51.2885-15/e35/44729391_517215822126140_4437847502161899785_n.jpg""]",'https://www.instagram.com/p/Bpom3k6HMgc/,,,,,,[],0,0,1,0,,,,[],1,,,,,
'1902941704460033055_2203054778,01/11/2018 17:32,'social_media,'instagram,'media,'keyword,'nissanindonesia,'nissanjakartaonlineshop,'nissanjakartaonlineshop,'nissanjakartaonlineshop,"'# BEST PROMO NISSAN NEW GRAND LIVINA SPECIAL VERSION 2018 # SV MT OTR 221.800.000  TDP  3.800.000 Angsuran 4.864.000 (60x) ALLRISK SV CVT OTR 233.900.000  TDP  5.700.000 Angsuran 5.129.000 (60x) ALLRISK XV MT OTR 239.700.000  TDP  6.600.000 Angsuran 5.257.000 (60x) ALLRISK XV CVT OTR 251.600.000  TDP  8.500.000 Angsuran 5.515.000 (60x) ALLRISK # HITUNGAN DAPAT DISESUAIKAN DENGAN PERMINTAAN KONSUMEN # # SYARAT KREDIT : KTP, NPWP, KK, PBB, slip gaji, rektab 3 bln terakhir # # DITOLAK LEASING BOOKING FEE KEMBALI 100% # Including Package Purchase â™¢ Karpet Standar â™¢ Kaca Film Solar Guard â™¢ ANTI KARAT â™¢ Free service 1rb s/d 50rb KM â™¢ Garansi Mesin 3th/100rb KM â™¢ Garansi Kelistrikan 1th INGIN PENAWARAN YANG ""LEBIH"" MENARIK ?  INGIN TAU ""DISCOUNT"" NYA ? Spesifikasi, Pemesanan dan Test Drive :Â  WA : 0817 7668 2190 â˜† Authorized Nissan Dealer #nissanindonesia #nissanid #autonetmagz #autobild #promonissan #salesnissan #kreditnissan #promojakarta #nissanjakartatimur #nissanjakartaselatan #viralindonesia #bengkelnissan #asesorisnissan #jualnissan #mobilbaru #mobilbekas #mobilkamu #promomobilmurah #promokreditmurah #mobilmurahjakarta #mobil123 #mobilmurah #viraljakarta #otosia #modifikasi #diskonnissan #gravinci #nissanjakarta",2,,"[""https://scontent.cdninstagram.com/vp/0518329caff1854e221810d6a5df0ae8/5C732263/t51.2885-15/e35/42925090_264758447721082_3855640866607690632_n.jpg""]",'https://www.instagram.com/p/Bpom2Xindwf/,,,,,,[],0,0,1,0,,,,[],1,,,,,
'1902941625984495027_2203054778,01/11/2018 17:32,'social_media,'instagram,'media,'keyword,'nissanindonesia,'nissanjakartaonlineshop,'nissanjakartaonlineshop,'nissanjakartaonlineshop,"'# BEST PROMO NISSAN NEW GRAND LIVINA SPECIAL VERSION 2018 # SV MT OTR 221.800.000  TDP  3.800.000 Angsuran 4.864.000 (60x) ALLRISK SV CVT OTR 233.900.000  TDP  5.700.000 Angsuran 5.129.000 (60x) ALLRISK XV MT OTR 239.700.000  TDP  6.600.000 Angsuran 5.257.000 (60x) ALLRISK XV CVT OTR 251.600.000  TDP  8.500.000 Angsuran 5.515.000 (60x) ALLRISK # HITUNGAN DAPAT DISESUAIKAN DENGAN PERMINTAAN KONSUMEN # # SYARAT KREDIT : KTP, NPWP, KK, PBB, slip gaji, rektab 3 bln terakhir # # DITOLAK LEASING BOOKING FEE KEMBALI 100% # Including Package Purchase â™¢ Karpet Standar â™¢ Kaca Film Solar Guard â™¢ ANTI KARAT â™¢ Free service 1rb s/d 50rb KM â™¢ Garansi Mesin 3th/100rb KM â™¢ Garansi Kelistrikan 1th INGIN PENAWARAN YANG ""LEBIH"" MENARIK ?  INGIN TAU ""DISCOUNT"" NYA ? Spesifikasi, Pemesanan dan Test Drive :Â  WA : 0817 7668 2190 â˜† Authorized Nissan Dealer #nissanindonesia #nissanid #autonetmagz #autobild #promonissan #salesnissan #kreditnissan #promojakarta #nissanjakartatimur #nissanjakartaselatan #viralindonesia #bengkelnissan #asesorisnissan #jualnissan #mobilbaru #mobilbekas #mobilkamu #promomobilmurah #promokreditmurah #mobilmurahjakarta #mobil123 #mobilmurah #viraljakarta #otosia #modifikasi #diskonnissan #gravinci #nissanjakarta",2,,"[""https://scontent.cdninstagram.com/vp/c4634d0a4e9894a04d020254cbbd0855/5C86837A/t51.2885-15/e35/42827110_258729274838052_4835165053527535990_n.jpg""]",'https://www.instagram.com/p/Bpom1OdHC2z/,,,,,,[],0,0,1,0,,,,[],1,,,,,
'1902941209028790750_2203054778,01/11/2018 17:31,'social_media,'instagram,'media,'keyword,'nissanindonesia,'nissanjakartaonlineshop,'nissanjakartaonlineshop,'nissanjakartaonlineshop,"'# BEST PROMO NISSAN NEW GRAND LIVINA SPECIAL VERSION 2018 # SV MT OTR 221.800.000  TDP  3.800.000 Angsuran 4.864.000 (60x) ALLRISK SV CVT OTR 233.900.000  TDP  5.700.000 Angsuran 5.129.000 (60x) ALLRISK XV MT OTR 239.700.000  TDP  6.600.000 Angsuran 5.257.000 (60x) ALLRISK XV CVT OTR 251.600.000  TDP  8.500.000 Angsuran 5.515.000 (60x) ALLRISK # HITUNGAN DAPAT DISESUAIKAN DENGAN PERMINTAAN KONSUMEN # # SYARAT KREDIT : KTP, NPWP, KK, PBB, slip gaji, rektab 3 bln terakhir # # DITOLAK LEASING BOOKING FEE KEMBALI 100% # Including Package Purchase â™¢ Karpet Standar â™¢ Kaca Film Solar Guard â™¢ ANTI KARAT â™¢ Free service 1rb s/d 50rb KM â™¢ Garansi Mesin 3th/100rb KM â™¢ Garansi Kelistrikan 1th INGIN PENAWARAN YANG ""LEBIH"" MENARIK ?  INGIN TAU ""DISCOUNT"" NYA ? Spesifikasi, Pemesanan dan Test Drive :Â  WA : 0817 7668 2190 â˜† Authorized Nissan Dealer #nissanindonesia #nissanid #autonetmagz #autobild #promonissan #salesnissan #kreditnissan #promojakarta #nissanjakartatimur #nissanjakartaselatan #viralindonesia #bengkelnissan #asesorisnissan #jualnissan #mobilbaru #mobilbekas #mobilkamu #promomobilmurah #promokreditmurah #mobilmurahjakarta #mobil123 #mobilmurah #viraljakarta #otosia #modifikasi #diskonnissan #gravinci #nissanjakarta",2,,"[""https://scontent.cdninstagram.com/vp/64ffa5c28da584bf30b0cb575446f424/5C694741/t51.2885-15/e35/44267868_314230299367640_3119743989068884605_n.jpg""]",'https://www.instagram.com/p/BpomvKInQne/,,,,,,[],0,0,2,0,,,,[],2,,,,,
'1902940939611897603_2203054778,01/11/2018 17:30,'social_media,'instagram,'media,'keyword,'nissanindonesia,'nissanjakartaonlineshop,'nissanjakartaonlineshop,'nissanjakartaonlineshop,"'# BEST PROMO NISSAN NEW GRAND LIVINA SPECIAL VERSION 2018 # SV MT OTR 221.800.000  TDP  3.800.000 Angsuran 4.864.000 (60x) ALLRISK SV CVT OTR 233.900.000  TDP  5.700.000 Angsuran 5.129.000 (60x) ALLRISK XV MT OTR 239.700.000  TDP  6.600.000 Angsuran 5.257.000 (60x) ALLRISK XV CVT OTR 251.600.000  TDP  8.500.000 Angsuran 5.515.000 (60x) ALLRISK # HITUNGAN DAPAT DISESUAIKAN DENGAN PERMINTAAN KONSUMEN # # SYARAT KREDIT : KTP, NPWP, KK, PBB, slip gaji, rektab 3 bln terakhir # # DITOLAK LEASING BOOKING FEE KEMBALI 100% # Including Package Purchase â™¢ Karpet Standar â™¢ Kaca Film Solar Guard â™¢ ANTI KARAT â™¢ Free service 1rb s/d 50rb KM â™¢ Garansi Mesin 3th/100rb KM â™¢ Garansi Kelistrikan 1th INGIN PENAWARAN YANG ""LEBIH"" MENARIK ?  INGIN TAU ""DISCOUNT"" NYA ? Spesifikasi, Pemesanan dan Test Drive :Â  WA : 0817 7668 2190 â˜† Authorized Nissan Dealer #nissanindonesia #nissanid #autonetmagz #autobild #promonissan #salesnissan #kreditnissan #promojakarta #nissanjakartatimur #nissanjakartaselatan #viralindonesia #bengkelnissan #asesorisnissan #jualnissan #mobilbaru #mobilbekas #mobilkamu #promomobilmurah #promokreditmurah #mobilmurahjakarta #mobil123 #mobilmurah #viraljakarta #otosia #modifikasi #diskonnissan #gravinci #nissanjakarta",2,,"[""https://scontent.cdninstagram.com/vp/e0ef5f6e23ad9c32a32a8009fe8a945a/5C7F1414/t51.2885-15/e35/42002911_1243925952416519_6247921448324908605_n.jpg""]",'https://www.instagram.com/p/BpomrPOHX8D/,,,,,,[],0,0,1,0,,,,[],1,,,,,
'1902940813111752924_2203054778,01/11/2018 17:30,'social_media,'instagram,'media,'keyword,'nissanindonesia,'nissanjakartaonlineshop,'nissanjakartaonlineshop,'nissanjakartaonlineshop,"'# BEST PROMO NISSAN NEW GRAND LIVINA SPECIAL VERSION 2018 # SV MT OTR 221.800.000  TDP  3.800.000 Angsuran 4.864.000 (60x) ALLRISK SV CVT OTR 233.900.000  TDP  5.700.000 Angsuran 5.129.000 (60x) ALLRISK XV MT OTR 239.700.000  TDP  6.600.000 Angsuran 5.257.000 (60x) ALLRISK XV CVT OTR 251.600.000  TDP  8.500.000 Angsuran 5.515.000 (60x) ALLRISK # HITUNGAN DAPAT DISESUAIKAN DENGAN PERMINTAAN KONSUMEN # # SYARAT KREDIT : KTP, NPWP, KK, PBB, slip gaji, rektab 3 bln terakhir # # DITOLAK LEASING BOOKING FEE KEMBALI 100% # Including Package Purchase â™¢ Karpet Standar â™¢ Kaca Film Solar Guard â™¢ ANTI KARAT â™¢ Free service 1rb s/d 50rb KM â™¢ Garansi Mesin 3th/100rb KM â™¢ Garansi Kelistrikan 1th INGIN PENAWARAN YANG ""LEBIH"" MENARIK ?  INGIN TAU ""DISCOUNT"" NYA ? Spesifikasi, Pemesanan dan Test Drive :Â  WA : 0817 7668 2190 â˜† Authorized Nissan Dealer #nissanindonesia #nissanid #autonetmagz #autobild #promonissan #salesnissan #kreditnissan #promojakarta #nissanjakartatimur #nissanjakartaselatan #viralindonesia #bengkelnissan #asesorisnissan #jualnissan #mobilbaru #mobilbekas #mobilkamu #promomobilmurah #promokreditmurah #mobilmurahjakarta #mobil123 #mobilmurah #viraljakarta #otosia #modifikasi #diskonnissan #gravinci #nissanjakarta",2,,"[""https://scontent.cdninstagram.com/vp/86d5e886293f9cb76d31c56bc379e072/5C7549D7/t51.2885-15/e35/43914601_2153053141627007_7259580334684599357_n.jpg""]",'https://www.instagram.com/p/BpompZaHnjc/,,,,,,[],0,0,2,0,,,,[],2,,,,,
'1902940661856705327_2203054778,01/11/2018 17:30,'social_media,'instagram,'media,'keyword,'nissanindonesia,'nissanjakartaonlineshop,'nissanjakartaonlineshop,'nissanjakartaonlineshop,"'# BEST PROMO NISSAN NEW GRAND LIVINA SPECIAL VERSION 2018 # SV MT OTR 221.800.000  TDP  3.800.000 Angsuran 4.864.000 (60x) ALLRISK SV CVT OTR 233.900.000  TDP  5.700.000 Angsuran 5.129.000 (60x) ALLRISK XV MT OTR 239.700.000  TDP  6.600.000 Angsuran 5.257.000 (60x) ALLRISK XV CVT OTR 251.600.000  TDP  8.500.000 Angsuran 5.515.000 (60x) ALLRISK # HITUNGAN DAPAT DISESUAIKAN DENGAN PERMINTAAN KONSUMEN # # SYARAT KREDIT : KTP, NPWP, KK, PBB, slip gaji, rektab 3 bln terakhir # # DITOLAK LEASING BOOKING FEE KEMBALI 100% # Including Package Purchase â™¢ Karpet Standar â™¢ Kaca Film Solar Guard â™¢ ANTI KARAT â™¢ Free service 1rb s/d 50rb KM â™¢ Garansi Mesin 3th/100rb KM â™¢ Garansi Kelistrikan 1th INGIN PENAWARAN YANG ""LEBIH"" MENARIK ?  INGIN TAU ""DISCOUNT"" NYA ? Spesifikasi, Pemesanan dan Test Drive :Â  WA : 0817 7668 2190 â˜† Authorized Nissan Dealer #nissanindonesia #nissanid #autonetmagz #autobild #promonissan #salesnissan #kreditnissan #promojakarta #nissanjakartatimur #nissanjakartaselatan #viralindonesia #bengkelnissan #asesorisnissan #jualnissan #mobilbaru #mobilbekas #mobilkamu #promomobilmurah #promokreditmurah #mobilmurahjakarta #mobil123 #mobilmurah #viraljakarta #otosia #modifikasi #diskonnissan #gravinci #nissanjakarta",2,,"[""https://scontent.cdninstagram.com/vp/d901585400ed0a9fc8b554ddbbc50b00/5C77D621/t51.2885-15/e35/43913072_2069431749807765_3153025085405604518_n.jpg""]",'https://www.instagram.com/p/BpomnMinZsv/,,,,,,[],0,0,1,0,,,,[],1,,,,,
'1902940555279594068_2203054778,01/11/2018 17:30,'social_media,'instagram,'media,'keyword,'nissanindonesia,'nissanjakartaonlineshop,'nissanjakartaonlineshop,'nissanjakartaonlineshop,"'# BEST PROMO NISSAN NEW GRAND LIVINA SPECIAL VERSION 2018 # SV MT OTR 221.800.000  TDP  3.800.000 Angsuran 4.864.000 (60x) ALLRISK SV CVT OTR 233.900.000  TDP  5.700.000 Angsuran 5.129.000 (60x) ALLRISK XV MT OTR 239.700.000  TDP  6.600.000 Angsuran 5.257.000 (60x) ALLRISK XV CVT OTR 251.600.000  TDP  8.500.000 Angsuran 5.515.000 (60x) ALLRISK # HITUNGAN DAPAT DISESUAIKAN DENGAN PERMINTAAN KONSUMEN # # SYARAT KREDIT : KTP, NPWP, KK, PBB, slip gaji, rektab 3 bln terakhir # # DITOLAK LEASING BOOKING FEE KEMBALI 100% # Including Package Purchase â™¢ Karpet Standar â™¢ Kaca Film Solar Guard â™¢ ANTI KARAT â™¢ Free service 1rb s/d 50rb KM â™¢ Garansi Mesin 3th/100rb KM â™¢ Garansi Kelistrikan 1th INGIN PENAWARAN YANG ""LEBIH"" MENARIK ?  INGIN TAU ""DISCOUNT"" NYA ? Spesifikasi, Pemesanan dan Test Drive :Â  WA : 0817 7668 2190 â˜† Authorized Nissan Dealer #nissanindonesia #nissanid #autonetmagz #autobild #promonissan #salesnissan #kreditnissan #promojakarta #nissanjakartatimur #nissanjakartaselatan #viralindonesia #bengkelnissan #asesorisnissan #jualnissan #mobilbaru #mobilbekas #mobilkamu #promomobilmurah #promokreditmurah #mobilmurahjakarta #mobil123 #mobilmurah #viraljakarta #otosia #modifikasi #diskonnissan #gravinci #nissanjakarta",2,,"[""https://scontent.cdninstagram.com/vp/9b345094a54c30188bcbd7c497ad7ee0/5C7F7CF8/t51.2885-15/e35/44211204_252560548768049_7894180775531240748_n.jpg""]",'https://www.instagram.com/p/BpomlpSH_JU/,,,,,,[],0,0,2,0,,,,[],2,,,,,
'1902940426187096227_2203054778,01/11/2018 17:29,'social_media,'instagram,'media,'keyword,'nissanindonesia,'nissanjakartaonlineshop,'nissanjakartaonlineshop,'nissanjakartaonlineshop,"'# BEST PROMO NISSAN NEW GRAND LIVINA SPECIAL VERSION 2018 # SV MT OTR 221.800.000  TDP  3.800.000 Angsuran 4.864.000 (60x) ALLRISK SV CVT OTR 233.900.000  TDP  5.700.000 Angsuran 5.129.000 (60x) ALLRISK XV MT OTR 239.700.000  TDP  6.600.000 Angsuran 5.257.000 (60x) ALLRISK XV CVT OTR 251.600.000  TDP  8.500.000 Angsuran 5.515.000 (60x) ALLRISK # HITUNGAN DAPAT DISESUAIKAN DENGAN PERMINTAAN KONSUMEN # # SYARAT KREDIT : KTP, NPWP, KK, PBB, slip gaji, rektab 3 bln terakhir # # DITOLAK LEASING BOOKING FEE KEMBALI 100% # Including Package Purchase â™¢ Karpet Standar â™¢ Kaca Film Solar Guard â™¢ ANTI KARAT â™¢ Free service 1rb s/d 50rb KM â™¢ Garansi Mesin 3th/100rb KM â™¢ Garansi Kelistrikan 1th INGIN PENAWARAN YANG ""LEBIH"" MENARIK ?  INGIN TAU ""DISCOUNT"" NYA ? Spesifikasi, Pemesanan dan Test Drive :Â  WA : 0817 7668 2190 â˜† Authorized Nissan Dealer #nissanindonesia #nissanid #autonetmagz #autobild #promonissan #salesnissan #kreditnissan #promojakarta #nissanjakartatimur #nissanjakartaselatan #viralindonesia #bengkelnissan #asesorisnissan #jualnissan #mobilbaru #mobilbekas #mobilkamu #promomobilmurah #promokreditmurah #mobilmurahjakarta #mobil123 #mobilmurah #viraljakarta #otosia #modifikasi #diskonnissan #gravinci #nissanjakarta",2,,"[""https://scontent.cdninstagram.com/vp/6983e4f3268a69d50bf585869b83bea8/5C88C504/t51.2885-15/e35/43913355_353715675197521_5454747290933627478_n.jpg""]",'https://www.instagram.com/p/BpomjxDnMCj/,,,,,,[],0,0,1,0,,,,[],1,,,,,
'1902940325523977468_2203054778,01/11/2018 17:29,'social_media,'instagram,'media,'keyword,'nissanindonesia,'nissanjakartaonlineshop,'nissanjakartaonlineshop,'nissanjakartaonlineshop,"'# BEST PROMO NISSAN NEW GRAND LIVINA SPECIAL VERSION 2018 # SV MT OTR 221.800.000  TDP  3.800.000 Angsuran 4.864.000 (60x) ALLRISK SV CVT OTR 233.900.000  TDP  5.700.000 Angsuran 5.129.000 (60x) ALLRISK XV MT OTR 239.700.000  TDP  6.600.000 Angsuran 5.257.000 (60x) ALLRISK XV CVT OTR 251.600.000  TDP  8.500.000 Angsuran 5.515.000 (60x) ALLRISK # HITUNGAN DAPAT DISESUAIKAN DENGAN PERMINTAAN KONSUMEN # # SYARAT KREDIT : KTP, NPWP, KK, PBB, slip gaji, rektab 3 bln terakhir # # DITOLAK LEASING BOOKING FEE KEMBALI 100% # Including Package Purchase â™¢ Karpet Standar â™¢ Kaca Film Solar Guard â™¢ ANTI KARAT â™¢ Free service 1rb s/d 50rb KM â™¢ Garansi Mesin 3th/100rb KM â™¢ Garansi Kelistrikan 1th INGIN PENAWARAN YANG ""LEBIH"" MENARIK ?  INGIN TAU ""DISCOUNT"" NYA ? Spesifikasi, Pemesanan dan Test Drive :Â  WA : 0817 7668 2190 â˜† Authorized Nissan Dealer #nissanindonesia #nissanid #autonetmagz #autobild #promonissan #salesnissan #kreditnissan #promojakarta #nissanjakartatimur #nissanjakartaselatan #viralindonesia #bengkelnissan #asesorisnissan #jualnissan #mobilbaru #mobilbekas #mobilkamu #promomobilmurah #promokreditmurah #mobilmurahjakarta #mobil123 #mobilmurah #viraljakarta #otosia #modifikasi #diskonnissan #gravinci #nissanjakarta",2,,"[""https://scontent.cdninstagram.com/vp/900abf3608bfed387b7391fc07f2facc/5C6B1B28/t51.2885-15/e35/44282061_1438546209613910_569889545688222959_n.jpg""]",'https://www.instagram.com/p/BpomiTTn3T8/,,,,,,[],0,0,1,0,,,,[],1,,,,,
'1902940247199318610_2203054778,01/11/2018 17:29,'social_media,'instagram,'media,'keyword,'nissanindonesia,'nissanjakartaonlineshop,'nissanjakartaonlineshop,'nissanjakartaonlineshop,"'# BEST PROMO NISSAN NEW GRAND LIVINA SPECIAL VERSION 2018 # SV MT OTR 221.800.000  TDP  3.800.000 Angsuran 4.864.000 (60x) ALLRISK SV CVT OTR 233.900.000  TDP  5.700.000 Angsuran 5.129.000 (60x) ALLRISK XV MT OTR 239.700.000  TDP  6.600.000 Angsuran 5.257.000 (60x) ALLRISK XV CVT OTR 251.600.000  TDP  8.500.000 Angsuran 5.515.000 (60x) ALLRISK # HITUNGAN DAPAT DISESUAIKAN DENGAN PERMINTAAN KONSUMEN # # SYARAT KREDIT : KTP, NPWP, KK, PBB, slip gaji, rektab 3 bln terakhir # # DITOLAK LEASING BOOKING FEE KEMBALI 100% # Including Package Purchase â™¢ Karpet Standar â™¢ Kaca Film Solar Guard â™¢ ANTI KARAT â™¢ Free service 1rb s/d 50rb KM â™¢ Garansi Mesin 3th/100rb KM â™¢ Garansi Kelistrikan 1th INGIN PENAWARAN YANG ""LEBIH"" MENARIK ?  INGIN TAU ""DISCOUNT"" NYA ? Spesifikasi, Pemesanan dan Test Drive :Â  WA : 0817 7668 2190 â˜† Authorized Nissan Dealer #nissanindonesia #nissanid #autonetmagz #autobild #promonissan #salesnissan #kreditnissan #promojakarta #nissanjakartatimur #nissanjakartaselatan #viralindonesia #bengkelnissan #asesorisnissan #jualnissan #mobilbaru #mobilbekas #mobilkamu #promomobilmurah #promokreditmurah #mobilmurahjakarta #mobil123 #mobilmurah #viraljakarta #otosia #modifikasi #diskonnissan #gravinci #nissanjakarta",2,,"[""https://scontent.cdninstagram.com/vp/8c2b4e6ac16112ce374a8060e85b37fc/5C68B75F/t51.2885-15/e35/43914003_2156976241238626_3660396564069225754_n.jpg""]",'https://www.instagram.com/p/BpomhKXHAJS/,,,,,,[],0,0,1,0,,,,[],1,,,,,
'1902940136394204248_2203054778,01/11/2018 17:29,'social_media,'instagram,'media,'keyword,'nissanindonesia,'nissanjakartaonlineshop,'nissanjakartaonlineshop,'nissanjakartaonlineshop,"'# BEST PROMO NISSAN NEW GRAND LIVINA SPECIAL VERSION 2018 # SV MT OTR 221.800.000  TDP  3.800.000 Angsuran 4.864.000 (60x) ALLRISK SV CVT OTR 233.900.000  TDP  5.700.000 Angsuran 5.129.000 (60x) ALLRISK XV MT OTR 239.700.000  TDP  6.600.000 Angsuran 5.257.000 (60x) ALLRISK XV CVT OTR 251.600.000  TDP  8.500.000 Angsuran 5.515.000 (60x) ALLRISK # HITUNGAN DAPAT DISESUAIKAN DENGAN PERMINTAAN KONSUMEN # # SYARAT KREDIT : KTP, NPWP, KK, PBB, slip gaji, rektab 3 bln terakhir # # DITOLAK LEASING BOOKING FEE KEMBALI 100% # Including Package Purchase â™¢ Karpet Standar â™¢ Kaca Film Solar Guard â™¢ ANTI KARAT â™¢ Free service 1rb s/d 50rb KM â™¢ Garansi Mesin 3th/100rb KM â™¢ Garansi Kelistrikan 1th INGIN PENAWARAN YANG ""LEBIH"" MENARIK ?  INGIN TAU ""DISCOUNT"" NYA ? Spesifikasi, Pemesanan dan Test Drive :Â  WA : 0817 7668 2190 â˜† Authorized Nissan Dealer #nissanindonesia #nissanid #autonetmagz #autobild #promonissan #salesnissan #kreditnissan #promojakarta #nissanjakartatimur #nissanjakartaselatan #viralindonesia #bengkelnissan #asesorisnissan #jualnissan #mobilbaru #mobilbekas #mobilkamu #promomobilmurah #promokreditmurah #mobilmurahjakarta #mobil123 #mobilmurah #viraljakarta #otosia #modifikasi #diskonnissan #gravinci #nissanjakarta",2,,"[""https://scontent.cdninstagram.com/vp/7dad59fc603eac952ba0297b68f32fea/5C7E9D4B/t51.2885-15/e35/43818258_2081657158565588_4762529255446991006_n.jpg""]",'https://www.instagram.com/p/BpomfjKnCRY/,,,,,,[],0,0,0,0,,,,[],0,,,,,
'1902932001247986811_7181188786,01/11/2018 17:13,'social_media,'instagram,'media,'keyword,'nissanindonesia,'glmc_urband,'glmc_urband,'glmc_urband,'#GrandLivinaManiaCommunity #WeAreNotFriendButWeAreFamily #KomunitasGrandLivina #GrandLivinaFansClub #GrandLivinaIndonesia #GrandLivinaBandung #GrandLivinaLover #GrandLivinaFans #NissanIndonesia #NissanBandung #NissanLover #GrandLivina #Community #Komunitas #Indonesia #Bandung #URBAND #Region #GLMC Come On Joy With Us..!!! For Register & More Info Klik Link in Our Bio.. â˜ºï¿½? #SalamSatuAspal,2,,"[""https://scontent.cdninstagram.com/vp/f2a1fdecba92b407dd278dd51ad52380/5C7759C7/t51.2885-15/sh0.08/e35/s640x640/44477557_2152274824987309_1755856302070087008_n.jpg""]",'https://www.instagram.com/p/BpokpKuHAR7/,,,,,,[],0,0,24,0,,,,[],24,,,,,
'1902911880029016287_8760249940,01/11/2018 16:33,'social_media,'instagram,'media,'keyword,'nissanindonesia,'ruly590,'ruly590,'ruly590,'#nissan #nissanskyline #nissangtr #nissan350z #nissansilvia #nissansilvias15 #nissan_gtr #nissangtrlovers #nissanz #nissan370zcarclub #nissan370z #nissan240sx #nissan240 #nissan200sx #nissangtrr35 #nissanskylinegtr #nissanskyliner34 #nissangtr35 #nissan180sx #nissannation #nissannismo #nissanfamily #modifikasicantik #nissanindonesia #nissanfairladyz #nissans13 #nissans14 #nissanclub #otomotif #otomotifindonesia,2,,"[""https://scontent.cdninstagram.com/vp/354613507a1af2ea551e9a983e4cbf40/5C880B38/t51.2885-15/sh0.08/e35/s640x640/43817610_257037491642336_8384197022867324469_n.jpg""]",'https://www.instagram.com/p/BpogEXYABDf/,,,,,,[],0,0,8,0,,,,[],8,,,,,
'1902900718315027153_8599470745,01/11/2018 16:11,'social_media,'instagram,'media,'keyword,'nissanindonesia,'bio.program3,'bio.program3,'bio.program3,'Mau tahu enggak bagaimana caranya bisa positif hamil dalam waktu 1-3 bulan ? Mau tahu enggak gimana caranya menghilangkan KISTA,-1, menghilangkan Keputihan, PCOS, Toxo, Rubella dengan cara mudah ?  Mau tahu enggak gimana cara mengobati suami yang kena masalah Azoospermia (sperma kosong/mandul), Oligospermia (sperma encer), Asthenozospermia (sperma kurang gesit), Teratospermia (sperma bentuknya tak lazim), Varikokel, Ejakulasi Dini, Lemah Syahwat dll dengan cara cepat, sehat dan Tepat ?  Mau tahu enggak bagaimana caranya menurunkan Berat Badan 5-10 kg dalam 2 minggu tapi badan tetap sehat dan bugar ?  Yang mau tahu kontak kami ya Konsultasi Gratis  Wa 085842335748,i,,"[""https://scontent.cdninstagram.com/vp/e54cf853fa49c04dc5dce5e2e0a1cb03/5C705F40/t51.2885-15/sh0.08/e35/p640x640/42144262_116476289246940_7258896684519606244_n.jpg""]",'https://www.instagram.com/p/Bpodh8OALrR/,,,,,,[],0,0
'1902875583966447904_1938304996,01/11/2018 15:25,'social_media,'instagram,'media,'keyword,'nissanindonesia,'promonissankediri,'promonissankediri,'promonissankediri,'Nissan TERRA Bulan ini Ready.. Juragan  Khusus 10 pemesan pertama Free Aksesoris Package S&K  Info Detail : Call/WA 085233919209 www.nissankediri.info  #nissanindonesia #nissankediri #promonissan #kediri #tulungagung #blitar #nganjuk #trenggalek #jombang #kedirilagi #mobilbaru #nissanterra #pajero #pajerosport #fortuner #toyotafortuner #salesnissankediri #nissanjawatimur #belimobilbaru #belimobilkredit  #belimobilnissan,0,,"[""https://scontent.cdninstagram.com/vp/5d09fef3e25c14d712ede4d0f6c86cc2/5BDD8A85/t51.2885-15/e35/44323365_325810187974554_1843095008610634654_n.jpg""]",'https://www.instagram.com/p/BpoX0MCFYkg/,,,,,,[],0,0,4,0,,,,[],4,,,,,
'1902868788515147452_186871447,01/11/2018 15:07,'social_media,'instagram,'media,'keyword,'nissanindonesia,'ferllygunawan,'ferllygunawan,'ferllygunawan,'Fast Sale ! Used Cars Nissan Fairlady 370Z GT Package Cabriolet Yellow On Black NIK 2010 Km 20.xxx an Record  Super Good Conditions ðŸ˜‹ðŸ‘Œ Please Call Or WA For Special Offer ! ðŸ™‡ 0816697699 / 0811997177 ðŸ“² #Nissan #370Z #Fairlady #Fairlady370Z #Nissan370Z #NissanFairlady370Z #NissanClub #NissanClubIndonesia #NissanJakarta #NissanIndonesia #CarGram #CarLifeStyle,0,,"[""https://scontent.cdninstagram.com/vp/aa5dd9c068afa19448baffaa45918b4a/5C65CFD7/t51.2885-15/sh0.08/e35/s640x640/43913192_509081742908239_4387074047544237329_n.jpg""]",'https://www.instagram.com/p/BpoWRTRn468/,,,,,,[],0,0,102,0,,,,[],102,,,,,
'1902868731900230534_3531073860,01/11/2018 15:07,'social_media,'instagram,'media,'keyword,'nissanindonesia,'sekitarbandungcom,'sekitarbandungcom,'sekitarbandungcom,'All New DATSUN GO MT/CVT  Promo 1-13 NOVEMBER 2018 Pesan Sekarang juga sebelum Harga naik âœ” . . âœ… DP SUPER MINIM âœ… Cicilan Hanya 2.5 Jutaâ€™an âœ… BONUS TAMBAHAN âœ… Aplikasi Siap Bantu sampai tuntas âœ… Bertemu lebih baik untuk konsultasi lebih jelas âœ… Trade-in (Tukar) Mobil/Motor Anda âœ… Ganti DATSUN Lama Anda dengan All NEW DATSUN . âœ” Info Promo & Pemesanan Hubungi. Dhika âœ… Tlp. 082119110004 (WhatsApp & Line) DATSUN Exclusive Setiabudi Bandung âœ… Web : Nissan-datsunbandung.com âœ… Follow Instagram : @datsun.exclusive.bandung atau #dhikadatsunaja . . . . #datsun #datsunsetiabudibandung #datsunindonesia #datsunbandung #datsungo #datsunmatic #datsunat #datsuncross #allnewdatsun #datsuncross #promodatsun #nissan #nissanindonesia #nissanbandung #nissanmarch #sekitardhika #mobilsecond #persib #persibbandung #dpminim #diskonbesar #mobilbandung #promodatsun #mobilkeluarga #mobilirit #jawabarat #bandung #cimahi,0,,"[""https://scontent.cdninstagram.com/vp/dc2fb765bc39ac96866223728c8c787b/5C7A1AFD/t51.2885-15/sh0.08/e35/s640x640/43913951_553449818413909_2699628783258525137_n.jpg""]",'https://www.instagram.com/p/BpoWQejHHuG/,,,,,,[],0,0,36,0,,,,[],36,,,,,
'1902868157960215464_8444304210,01/11/2018 15:06,'social_media,'instagram,'media,'keyword,'nissanindonesia,'fgautosportcars,'fgautosportcars,'fgautosportcars,'Fast Sale ! Used Cars Nissan Fairlady 370Z GT Package Cabriolet Yellow On Black NIK 2010 Km 20.xxx an Record  Super Good Conditions ðŸ˜‹ðŸ‘Œ Please Call Or WA For Special Offer ! ðŸ™‡ 0816697699 / 0811997177 ðŸ“² #Nissan #370Z #Fairlady #Fairlady370Z #Nissan370Z #NissanFairlady370Z #NissanClub #NissanClubIndonesia #NissanJakarta #NissanIndonesia #CarGram #CarLifeStyle,0,,"[""https://scontent.cdninstagram.com/vp/434d86f25dbc338188b820643eb81eac/5C815449/t51.2885-15/sh0.08/e35/s640x640/43912979_319227962229365_5182176834908848128_n.jpg""]",'https://www.instagram.com/p/BpoWIIBntuo/,,,,,,[],0,0,32,0,,,,[],32,,,,,
'1902862414959645195_186871447,01/11/2018 14:54,'social_media,'instagram,'media,'keyword,'nissanindonesia,'ferllygunawan,'ferllygunawan,'ferllygunawan,'Fast Sale ! Used Cars Nissan Fairlady 370Z GT Package Cabriolet Yellow On Black NIK 2010 Km 20.xxx an Record  Super Good Conditions ðŸ˜‹ðŸ‘Œ Please Call Or WA For Special Offer ! ðŸ™‡ 0816697699 / 0811997177 ðŸ“² #Nissan #370Z #Fairlady #Fairlady370Z #Nissan370Z #NissanFairlady370Z #NissanClub #NissanClubIndonesia #NissanJakarta #NissanIndonesia #CarGram #CarLifeStyle,0,,"[""https://scontent.cdninstagram.com/vp/f1e3b590c423f078b26a485df8c34d5f/5C87E67F/t51.2885-15/sh0.08/e35/s640x640/42147387_142797220016995_3381110890872324166_n.jpg""]",'https://www.instagram.com/p/BpoU0jcHJIL/,,,,,,[],0,0,175,0,,,,[],175,,,,,
'1902857070468605069_4040404825,01/11/2018 14:44,'social_media,'instagram,'media,'keyword,'nissanindonesia,'willy_nissan,'willy_nissan,'willy_nissan,'PROMO CUCI GUDANG... Â° Grand Livina DP 10 Juta Â° March DP 6 Juta Â° X-Trail Bunga 0% (Cicilan 3jt'n) Â° Serena Bunga 0% (Cicilan 3jt'n) Â° Terra Bunga 0% (OPEN INDENT) Â° Elgrand Big Diskon 80 Jt Â° Teana Big Diskon 50 Jt Untuk Informasi lebih lanjut dapat menghubungi Saya di sini : 0813 5501 8290 0878 8666 0805 Willy Nissan (Sales consultant) #nissanjakarta #nissanjabodetabek #nissanindonesia #nissangrandlivina #nissanmarch #nissanjuke #nissanxtrail #nissanserena #nissannavara #nissandataunjakarta #komunitasnissangrandlivina #komunitasnissanjuke #komunitasnissanxtrail #komunitasnissanmarch #komunitasnissannavara #komunitasnissanserena #komunitasnissanjabodetabek #komunitasnissanelgrand #komunitasdatsunjakarta #komunitasspedaontel,0,,"[""https://scontent.cdninstagram.com/vp/2a850831adf2c57f8428ecb00fb6eada/5C655A80/t51.2885-15/sh0.08/e35/s640x640/44259662_364240557477184_5116353329384410877_n.jpg""]",'https://www.instagram.com/p/BpoTmx_nySN/,,,,,,[],0,0,0,0,,,,[],0,,,,,
'1902770224434710442_3003392878,01/11/2018 11:51,'social_media,'instagram,'media,'keyword,'nissanindonesia,'indopetrolheads,'indopetrolheads,'indopetrolheads,'Dropped.  Car: Nissan GTR R35  Owner: @rakaherza  #nissanindonesia #gtrloyalty #gtrownersclubindonesia #gtrmotorsports #gtrindonesia #gtr35pect #gtrdosage #gtr35 #gtrlife #gtrporn #raysmc #raysnation #iph #indopetrolheads #carcommunity #openforallcars #modified #modifikasimobil #modifikasiplus #rarecarind #raysindonesia #raysnation,0,,"[""https://scontent.cdninstagram.com/vp/5581f8bb8a3c349cf2d53496af72e745/5C86AC3C/t51.2885-15/sh0.08/e35/s640x640/43778526_335982473625601_2656964543133845121_n.jpg""]",'https://www.instagram.com/p/Bpn_3AUnweq/,,,,,,[],0,0,120,0,,,,[],120,,,,,
'1902760882025020866_6869681927,01/11/2018 11:33,'social_media,'instagram,'media,'keyword,'nissanindonesia,'alex_nissan_datsun,'alex_nissan_datsun,'alex_nissan_datsun,'DATSUN GO LIVE.. untuk anda generasi MILENIAL yang urban.. . .cash/credit .free jasa service .garansi mesin .free kaca film & karpet set . . Proses cepat.. Dibantu sampai acc.. . .menerima trade in semua merk mobil.. . .info lebih lanjut hubungi : ALEX - 082143334723 #datsun#datsunindonesia#datsunsurabaya#nissan#nissanindonesia#nissansurabaya#jualmobilbekas#jualbeli#mobilmurah#mobilbaru#pns#karyawan#pengusaha#otomotif#datsungo#allnewdatsungo#backtowork#nyambutgawe#aktivitaslagi#moveondatsuncross#crossover#adventuretime#safety,0,,"[""https://scontent.cdninstagram.com/vp/4a12bb434c533caa2700eb8f7d906859/5C65F9CA/t51.2885-15/sh0.08/e35/s640x640/43986213_1872558332860781_5980263095078782140_n.jpg""]",'https://www.instagram.com/p/Bpn9vDhnD3C/,,,,,,[],0,0,5,0,,,,[],5,,,,,
'1902732831626799888_7384323949,01/11/2018 10:37,'social_media,'instagram,'media,'keyword,'nissanindonesia,'official_nissandatsun_bali,'official_nissandatsun_bali,'official_nissandatsun_bali,'. PROMO NISSAN DATSUN BALI. . . . . â€¢MARCH 2018 DP 10jtan â€¢GRAND LIVINA DP 15jtan â€¢JUKE RX DP 35jtan â€¢X-TRAIL DP 80jtan â€¢NAVARA DP 100jtan. â€¢DATSUN GO DP 18jtaan â€¢DATSUN GO+ DP 19jtan â€¢DATSUN CROSS DP 25jtan OPEN INDENT NISSAN TERRA Tanda jadi 10jt !!!. . â€”â€”NOW OPEN INDENTâ€”â€” ~~~ NEW NISSAN TERRA ~~~ Terra 4x2 MT - Rp.494jt Terra 4x2 E AT -  Rp.520jt Terra 4x2 VL AT - Rp.545jt Terra  4x4 VL AT - Rp.691jt. . â€¢promo trade in â€¢promo cashback â€¢promo aksesoris â€¢promo free jasa servis â€¢dataï¿½? siap dibantu â€¢dataï¿½? bisa dijemput TERIMA TUKAR TAMBAH SEGALA MERK MOBIL ANDA dibeli dengan harga terbaik . . khusus kredit dibantu sampai selesai,-1,0,,"[""https://scontent.cdninstagram.com/vp/73d897b66641473bc9a1f96de794cde0/5C833819/t51.2885-15/sh0.08/e35/s640x640/43914024_1879827275404364_8089446915607476786_n.jpg""]",'https://www.instagram.com/p/Bpn3W3jlqsQ/,,,,,,[],0,0,14,0,,,,[],14,,,,
'1902711722802018396_8752287436,01/11/2018 09:55,'social_media,'instagram,'media,'keyword,'nissanindonesia,'carmemesn_more,'carmemesn_more,'carmemesn_more,'Every 12 year olds dream car. ðŸ“·:@caranddriver #Nissan #nissanfrontier2018 #NissanGT #nissanShit #nissanskyliner33 #nissanvladivostok #NissanofLongBeach #nissanlivinaclub #nissanskylinev36 #nissanfan #nissanproblems #nissanxtrail #nissanz33 #nissansweepstakes #NissanLover #nissangtrflames #nissangtrnismo #nissangtrr34 #nissanjakarta #nissantitanoffroad #nissansolo #nissangtrgt3r35 #nissanarmada #nissanstadium #nissanpatroloffroad #nissanfrontier #nissanindonesia #nissanawesome #nissanaltima2013 #nissanuae,2,,"[""https://scontent.cdninstagram.com/vp/a9866f81c089af80e6cea7318a46b371/5C6AB61F/t51.2885-15/sh0.08/e35/s640x640/44175729_2190077034548793_4975046220269714927_n.jpg""]",'https://www.instagram.com/p/Bpnyjsblfhc/,,,,,,[],0,0,8,0,,,,[],8,,,,,
'1902671425984303022_7181188786,01/11/2018 08:35,'social_media,'instagram,'media,'keyword,'nissanindonesia,'glmc_urband,'glmc_urband,'glmc_urband,'Jgn lewatin ya Gaeeeesss.. Untuk waktu TBC yup.. #GrandLivinaManiaCommunity #WeAreNotFriendButWeAreFamily #KomunitasGrandLivina #GrandLivinaFansClub #GrandLivinaIndonesia #GrandLivinaBandung #GrandLivinaLover #GrandLivinaFans #NissanIndonesia #NissanBandung #NissanLover #GrandLivina #Community #Komunitas #Indonesia #Bandung #URBAND #Region #GLMC Come On Joy With Us..!!! For Register & More Info Klik Link in Our Bio.. â˜ºï¿½? #SalamSatuAspal,2,,"[""https://scontent.cdninstagram.com/vp/cacfe9cc6ee5bed4bce53b69bf11378b/5C68B83D/t51.2885-15/sh0.08/e35/s640x640/42851560_253875178634027_1103580135117049146_n.jpg""]",'https://www.instagram.com/p/BpnpZTGFI-u/,,,,,,[],0,0,12,0,,,,[],12,,,,,
'1902669151211900571_344622968,01/11/2018 08:30,'social_media,'instagram,'media,'keyword,'nissanindonesia,'dikri.nasihin,'dikri.nasihin,'dikri.nasihin,'Road to foxi anniversary.. #xtrail #xtrailnation #foxi #familyofxtrailindonesia #nissanindonesia #xtrailclub  #artwork #photography  #poster #event  @familyofxtrailindonesia  @foxitasikmalaya  @foxi_padang  @rendrajagantara_foxi001,2,,"[""https://scontent.cdninstagram.com/vp/56d2d95e42a49f6ca6b69688c760a8ea/5C6E0575/t51.2885-15/sh0.08/e35/s640x640/42003179_496534507526608_8437152293063404147_n.jpg""]",'https://www.instagram.com/p/Bpno4MjFE6b/,,,,,,[],0,0,31,0,,,,[],31,,,,,
'1902657444245502835_3239096569,01/11/2018 08:07,'social_media,'instagram,'media,'keyword,'nissanindonesia,'prospectspeed,'prospectspeed,'prospectspeed,'[KUNJUNGAN] Kunjungan langsung Top One Oil Amerika ketika penyerahan hadiah pada awal merintis @prospectspeed _______________________________________________________ PROSPECT SPEED Â® Otomotive & Car Repair _______________________________________________________ Buka di hari Senin - Sabtu Pukul 08.00 - 17.00 WIB _______________________________________________________ Jl. Raya Tuban - Babat KM 3,-1, Tuban. SMS/ WA: 0813-3121-3679 IG: @prospectspeed _______________________________________________________ #tuban #beritatuban #wartatuban #lingkartuban #infotuban #bengkel #bengkelmobil #bengkelmobiltuban #infootomotif #hondaindonesia #toyotaindonesia #daihatsuindonesia #nissanindonesia #fordindonesia #bmwindonesia #mitsubisiindonesia #mecedesbenzindonesia #datsunindonesia #peugeotindonesia,2,,"[""https://scontent.cdninstagram.com/vp/0ca402465bc63ae0a1637e5fe44b560e/5C6705F2/t51.2885-15/sh0.08/e35/s640x640/43064782_288711018650097_1510892191279828539_n.jpg""]",'https://www.instagram.com/p/BpnmN1lgXtz/,,,,,,[],0,0,23,0,,,,[],23,,,
'1902644353253585351_1487750253,01/11/2018 07:41,'social_media,'instagram,'media,'keyword,'nissanindonesia,'cardify.autoparts,'cardify.autoparts,'cardify.autoparts,'bantu jual Rp 9jt nego Dub Style R22 Ã— 9 rata PCD 6 Ã— 139 Ban 4pcs Achilles 285/40 85% line : peterangka whatsapp : 083806643280 #CARDIFYautoparts #jualvelg #jualban #banbekas #velgbekas #velgsecond #ladyonwheels #tokovelgonline #tokovelg #tokoban #velgban #velgmobil #hondaindonesia #mitsubishiindonesia #aksesorismobil #toyotaid #hellish_tuned #nissanindonesia #indoricer #loweredproject #velgreplika #velgmurah #simplyfitment #mazdaindonesia #jualanvelg #velgtaiwan #eastproject_ #wheelsforsale #indonesiancarsociety #variasimobil,2,,"[""https://scontent.cdninstagram.com/vp/cfdf4c1890d3ad215b9bb96b5df9e060/5C8A2344/t51.2885-15/sh0.08/e35/s640x640/43914856_2279751642244619_5737210902960510759_n.jpg""]",'https://www.instagram.com/p/BpnjPVplTHH/,,,,,,[],0,0,4,0,,,,[],4,,,,,
'1902619952403617220_4768350011,01/11/2018 06:54,'social_media,'instagram,'media,'keyword,'nissanindonesia,'vi.nissan,'vi.nissan,'vi.nissan,'PROMO NISSAN GRANDLIVINA Info dan Pemesanan Hub: ViVi 081908067788 #promonissangranlivinajakarta#promonissanakhirtahun#diskonakhirtahunnissan#diskonakhortahun#dpkecilnissan#dpkecildatsun#nissanindonesia#nissanjakarta#dpminimmobil#diminim#dpminimtoyota#dpminimhonda#dpminimdatsun#xpanderjakarta#xpanderjakartaselatan#modifikasimobil#velgmobil#ferraricaliforniajakarta#ferrarijakarta#hummerjakarta#astonmartinjakartaservicecenter#astonmartinjakarta,2,,"[""https://scontent.cdninstagram.com/vp/efd75198fbb6ff8b25220bfaa11be45b/5BDCB8B6/t51.2885-15/sh0.08/e35/s640x640/44341435_257190898476729_6172015422964742589_n.jpg""]",'https://www.instagram.com/p/BpndsQllpXE/,,,,,,[],0,0,0,0,,,,[],0,,,,,
'1902478500019838196_8599470745,01/11/2018 02:12,'social_media,'instagram,'media,'keyword,'nissanindonesia,'bio.program3,'bio.program3,'bio.program3,'Alhamdulillah semakin banyak yang terbantu dengan promil kami,-1,  tetap semangat dalam menjemput si buah hati. ðŸ’ªðŸ’ª WA 085842335748,i,,"[""https://scontent.cdninstagram.com/vp/33aed63bca29ba1283cf40e2337cfcbd/5C74E65C/t51.2885-15/sh0.08/e35/s640x640/43984723_918771861662428_2015109587128360171_n.jpg""]",'https://www.instagram.com/p/Bpm9h2ygBz0/,,,,,,[],0,0,14,0,,,,[],14,,,
'1902470410894029111_8599218317,01/11/2018 01:56,'social_media,'instagram,'media,'keyword,'nissanindonesia,'bio.program2,'bio.program2,'bio.program2,'Mau tahu enggak bagaimana caranya bisa positif hamil dalam waktu 1-3 bulan ? Mau tahu enggak gimana caranya menghilangkan KISTA,-1, menghilangkan Keputihan, PCOS, Toxo, Rubella dengan cara mudah ?  Mau tahu enggak gimana cara mengobati suami yang kena masalah Azoospermia (sperma kosong/mandul), Oligospermia (sperma encer), Asthenozospermia (sperma kurang gesit), Teratospermia (sperma bentuknya tak lazim), Varikokel, Ejakulasi Dini, Lemah Syahwat dll dengan cara cepat, sehat dan Tepat ?  Mau tahu enggak bagaimana caranya menurunkan Berat Badan 5-10 kg dalam 2 minggu tapi badan tetap sehat dan bugar ?  Yang mau tahu kontak kami ya Konsultasi Gratis  Wa 085842335748,i,,"[""https://scontent.cdninstagram.com/vp/49b70ea3f3380041b90c3fafe6a3382e/5C76E8C4/t51.2885-15/sh0.08/e35/s640x640/44338627_335127757263774_6044627747151705961_n.jpg""]",'https://www.instagram.com/p/Bpm7sJNB7E3/,,,,,,[],0,0
'1057980579529048065,01/11/2018 20:00,'social_media,'twitter,'status,'account,ID_Datsun,'1595859774,'ID_Datsun,'Datsun Indonesia,'Jangan batasi eksplorasi Anda bersama Datsun CROSS. Dibekali dengan peredam yang cepat merespon setiap goncangan,-1,2,'http://pbs.twimg.com/profile_images/949661893551013888/5qSiGtUO_normal.jpg,"[""http://pbs.twimg.com/media/Dq6iCuWUwAArVML.jpg""]",'https://twitter.com/statuses/1057980579529048065,'Welcome to the official Twitter account of DATSUN Indonesia.,,,,,[],22185,0,2,0,,'Indonesia,'male,"[""economy""]",2,,,,'in
'1058025503729233921,01/11/2018 22:58,'social_media,'twitter,'status,'keyword,'datsun,'406824247,'NDarmansyah,'Niko darmansyah,'@BungaAlaenaW Datsun kali,2,'http://pbs.twimg.com/profile_images/845924532175056896/hXoOW5hb_normal.jpg,[],'https://twitter.com/statuses/1058025503729233921,'ï¿½?victoria concordia crescit,'1058020964565319680,'1176217525,,,"[{""id"":""\\""1176217525\\"""",""name"":""\\""BungaAlaenaW\\""""}]",218,0,0,0,,'Emirates stadium,,"[""sports""]",0,,,,'tr,'id
'1057981026582970373,01/11/2018 20:01,'social_media,'twitter,'status,'keyword,'datsun,'50403537,'Marewa_djaem,'M. Adry Ardianta R,'Info Pemesanan hubungi 085242605060 #datsunlatimojong #salesdatsun #salesnissan,2,'http://pbs.twimg.com/profile_images/1056403718373965825/-xGrY3fR_normal.jpg,[],'https://twitter.com/statuses/1057981026582970373,'selalu berusaha tersenyum meski dalam keadaan sesulit apapun,,,,,[],647,0,0,0,,'indonesia,,"[""game""]",0,,,,'in,'id
'1057803028613365760,01/11/2018 08:14,'social_media,'twitter,'status,'keyword,'datsun,'814277514285547520,'fnjooot,'SKUMPY,'Liat pantat brio yang baru seperti liat mobil dibawah standart LCGC,-1,0,'http://pbs.twimg.com/profile_images/1041217799073357824/lYi0NtZg_normal.jpg,[],'https://twitter.com/statuses/1057803028613365760,"'Tidak butuh ""DRAMA"" untuk hidup..",,,,,[],49,0,0,0,,'Indonesia,,"[""technology""]",0,,,,'in
'1057702792050208773,01/11/2018 01:36,'social_media,'twitter,'status,'keyword,'datsun,'139012242,'shareinone,'lokermdnsumutindo,'Nissan Datsun Gatsu https://t.co/u3cwaXrqQK,2,'http://pbs.twimg.com/profile_images/772475817699926016/5svqQnN__normal.jpg,[],'https://twitter.com/statuses/1057702792050208773,'I Like You Because You Like Me!! Just It!! http://loker.medansumut.tk | http://lokersumut.net,,,,,[],203,0,0,0,,'Sumatera Utara,,"[""education""]",0,,,,'tr,'id
'1058011150334418944,01/11/2018 22:01,'social_media,'twitter,'status,'keyword,'nissan,'2208844111,'FAKTA200,'#200FAKTADUNIA,'Nama mobil Nissan berasal dari bahasa jepang Ni : 2 dan San : 3. Nissan : 23,0,'http://pbs.twimg.com/profile_images/416308318827597824/yQiXX677_normal.jpeg,[],'https://twitter.com/statuses/1058011150334418944,'200 FAKTA DAN INFORMASI UNTUK PENGETAHUAN ANDA.,,,,,[],736,0,0,0,,'INDONESIA,,"[""culinary"",""education"",""health""]",0,,,,'in,'id
'1058002302798315521,01/11/2018 21:26,'social_media,'twitter,'status,'keyword,'nissan,'768527940,'Must_ovic,'sutan Bari piliang,'Nissan grand Livina 1.5 XV ultimate 2010 matic... harga 125 jt pajak panjang bulan 2 / 2019  unit pemakain pribadi yang minat hub / wa  082387394963 Ibrahim Arfan,0,'http://pbs.twimg.com/profile_images/826063647868727297/JC0SrmLM_normal.jpg,[],'https://twitter.com/statuses/1058002302798315521,'Jadikan akhirat di hatimu, dunia di tanganmu, dan kematian di pelupuk matamu,,,,,[],1775,0,0,0,,'Â» Marantau  di bumi Allah Â«,'male,[],0,,,
'1057992811067301888,01/11/2018 20:48,'social_media,'twitter,'status,'keyword,'nissan,'4552671391,'nissanmobilku,'Nissan Mobil Terbaik,'Begini Wujud Penantang Motor Listrk Zero di IMOS 2018 dari Tiongkok https://t.co/vrPjF7AjIC @nissanmobilku https://t.co/lVmuf2FxQE,0,'http://pbs.twimg.com/profile_images/676231166601527297/Jo7FJChq_normal.jpg,"[""http://pbs.twimg.com/media/Dq6-2sJVYAAj2iB.jpg""]",'https://twitter.com/statuses/1057992811067301888,'Nissan, Mobil Terbaik Pilihan Keluarga Indonesia,,,,,"[{""id"":""\\""4552671391\\"""",""name"":""\\""nissanmobilku\\""""}]",12,0,0,0,,'Indonesia,,"[""technology"",""automotive"",""travel""]",0,,,,'in
'1057992806776549376,01/11/2018 20:48,'social_media,'twitter,'status,'keyword,'nissan,'4552671391,'nissanmobilku,'Nissan Mobil Terbaik,'Sosok Futuristik Skutik Honda Mejeng di IMOS 2018,-1,0,'http://pbs.twimg.com/profile_images/676231166601527297/Jo7FJChq_normal.jpg,"[""http://pbs.twimg.com/media/Dq6-2bxU8AEcilh.jpg""]",'https://twitter.com/statuses/1057992806776549376,'Nissan, Mobil Terbaik Pilihan Keluarga Indonesia,,,,,"[{""id"":""\\""4552671391\\"""",""name"":""\\""nissanmobilku\\""""}]",12,0,0,0,,'Indonesia,,"[""technology"",""automotive"",""travel""]",0,,,
'1057972295937880064,01/11/2018 19:27,'social_media,'twitter,'status,'keyword,'nissan,'700845238328250368,'nissanxtrailsuv,'Nissan X-Trail Mobil,'Nissan X-Trail SUV  Tak Ingin Mubazir,-1,0,'http://pbs.twimg.com/profile_images/700845686552551424/zndt4abX_normal.jpg,"[""http://pbs.twimg.com/media/Dq6sMjdU4AAPnXJ.jpg""]",'https://twitter.com/statuses/1057972295937880064,'Nissan X-Trail, Mobil SUV Paling Tangguh dan Nyaman,,,,,[],47,0,0,0,,,,"[""technology"",""automotive"",""travel""]",0,,,
'1057972288463691777,01/11/2018 19:27,'social_media,'twitter,'status,'keyword,'nissan,'700845238328250368,'nissanxtrailsuv,'Nissan X-Trail Mobil,'Nissan X-Trail SUV  Beda Cuma Rp500 Ribu,-1,0,'http://pbs.twimg.com/profile_images/700845686552551424/zndt4abX_normal.jpg,"[""http://pbs.twimg.com/media/Dq6sMHQUcAE_v3x.jpg""]",'https://twitter.com/statuses/1057972288463691777,'Nissan X-Trail, Mobil SUV Paling Tangguh dan Nyaman,,,,,[],47,0,0,0,,,,"[""technology"",""automotive"",""travel""]",0,,,
'1057964452275015680,01/11/2018 18:55,'social_media,'twitter,'status,'keyword,'nissan,'913302568243097600,'aangkurn89,'Aang Kurniawan,'Promo Oli Shell s/d 30 November 2018 Gratis 1 Liter setiap ganti Oli di Nissan Magelang,-1,0,'http://abs.twimg.com/sticky/default_profile_images/default_profile_normal.png,[],'https://twitter.com/statuses/1057964452275015680,,,,,,[],0,0,0,0,,,'male,[],0,,,,'in
'1057939433272557570,01/11/2018 17:16,'social_media,'twitter,'status,'keyword,'nissan,'2428721827,'nissanpdg,'NISSAN PADANG,'Kenapaaa.... di viralkan ini... aduhhhh ketahuan https://t.co/Rhpfm4eW3d,0,'http://pbs.twimg.com/profile_images/452637965567533056/0X46OFFs_normal.jpeg,[],'https://twitter.com/statuses/1057939433272557570,'Dealer resmi Nissan,,,,,[],86,0,0,0,,'padang,,"[""automotive"",""education"",""game""]",0,'Indonesia,'Padang,'Sumatera Barat,'in,'id
'1057935572617043970,01/11/2018 17:01,'social_media,'twitter,'status,'keyword,'nissan,'938689012792942592,'mrjmotorsport,'Mrjmotorsport,"'Nissan Serena with Alpina R18x8"" 5x100-114 . MRJ Motorsport Pasar Mobil Kemayoran Blok K 06 dan K 07 / masuk Pintu 7 seberang gereja perempatan pertama sebelum ""HK AUDIO""â€¦ https://t.co/ezKezxKhvA",0,'http://pbs.twimg.com/profile_images/938710713668853760/kVEYYHMY_normal.jpg,[],'https://twitter.com/statuses/1057935572617043970,'Bisnis Hobi,,,,,[],16,0,0,0,,'Kemayoran, Indonesia,,"[""economy""]",0,,,,'in
'1057931101493051392,01/11/2018 16:43,'social_media,'twitter,'status,'keyword,'nissan,'421498910,'purnomoNISSAN,'Purnomo,'Saya menjual All New ... seharga Rp239.700.000. Dapatkan produk ini hanya di Shopee! https://t.co/SVDf6G694E #ShopeeID https://t.co/EEtO8d6wFy,0,'http://pbs.twimg.com/profile_images/1042781259393425408/VpnuNvj3_normal.jpg,"[""http://pbs.twimg.com/media/Dq6GuweVsAEVUJH.jpg""]",'https://twitter.com/statuses/1057931101493051392,'Jual mobil baru di JAKARTA.  CALL/WHATSAPP : 0878 7797 0879 pin BB : D291B1DE,,,,,[],50,0,0,0,,'DKI Jakarta, Indonesia,'male,"[""automotive"",""travel"",""art"",""economy""]",0,,,,'in
'1057929172293566465,01/11/2018 16:35,'social_media,'twitter,'status,'keyword,'nissan,'421498910,'purnomoNISSAN,'Purnomo,'Saya menjual Nissan G... seharga Rp239.700.000. Dapatkan produk ini hanya di Shopee! https://t.co/YinIoxVzdr #ShopeeID https://t.co/11ZpCUDQ9n,0,'http://pbs.twimg.com/profile_images/1042781259393425408/VpnuNvj3_normal.jpg,"[""http://pbs.twimg.com/media/Dq6E-d2U0AALVq0.jpg""]",'https://twitter.com/statuses/1057929172293566465,'Jual mobil baru di JAKARTA.  CALL/WHATSAPP : 0878 7797 0879 pin BB : D291B1DE,,,,,[],50,0,0,0,,'DKI Jakarta, Indonesia,'male,"[""automotive"",""travel"",""art"",""economy""]",0,,,,'in
'1057927623756603392,01/11/2018 16:29,'social_media,'twitter,'status,'keyword,'nissan,'421498910,'purnomoNISSAN,'Purnomo,'Saya menjual Grand Li... seharga Rp274.000.000. Dapatkan produk ini hanya di Shopee! https://t.co/diqBf1VMBI #ShopeeID https://t.co/eyVgWlkeni,0,'http://pbs.twimg.com/profile_images/1042781259393425408/VpnuNvj3_normal.jpg,"[""http://pbs.twimg.com/media/Dq6DkUvUwAEZdh0.jpg""]",'https://twitter.com/statuses/1057927623756603392,'Jual mobil baru di JAKARTA.  CALL/WHATSAPP : 0878 7797 0879 pin BB : D291B1DE,,,,,[],50,0,0,0,,'DKI Jakarta, Indonesia,'male,"[""automotive"",""travel"",""art"",""economy""]",0,,,,'in
'1057917959371399168,01/11/2018 15:51,'social_media,'twitter,'status,'keyword,'nissan,'721923468141301760,'iklan5758,'Iklan Maju Mapan,'Nissan March 1.2 Manual 2012 Silver Dp 8 JT https://t.co/QsRQcH05DK,0,'http://pbs.twimg.com/profile_images/721923661741948928/6NvckORC_normal.jpg,[],'https://twitter.com/statuses/1057917959371399168,,,,,,[],324,0,0,0,,,,[],0,,,,'in,'id
'1057912858107879424,01/11/2018 15:30,'social_media,'twitter,'status,'keyword,'nissan,'421498910,'purnomoNISSAN,'Purnomo,'Mekanisme Tilang Elektronik di Jakarta... #jakarta #insta #infojkt #nissan  Cari tau yuk info mobilnya disini aja 087877970878 #bantujualan #jualapaaja @ NISSAN Radin Inten https://t.co/4JIJEfUAXW,0,'http://pbs.twimg.com/profile_images/1042781259393425408/VpnuNvj3_normal.jpg,[],'https://twitter.com/statuses/1057912858107879424,'Jual mobil baru di JAKARTA.  CALL/WHATSAPP : 0878 7797 0879 pin BB : D291B1DE,,,,,[],50,0,0,0,,'DKI Jakarta, Indonesia,'male,"[""automotive"",""travel"",""art"",""economy""]",0,,,,'in
'1057900592872382465,01/11/2018 14:42,'social_media,'twitter,'status,'keyword,'nissan,'4552671391,'nissanmobilku,'Nissan Mobil Terbaik,'Beda Cuma Rp500 Ribu,-1,0,'http://pbs.twimg.com/profile_images/676231166601527297/Jo7FJChq_normal.jpg,"[""http://pbs.twimg.com/media/Dq5q-xmVsAAfuoP.jpg""]",'https://twitter.com/statuses/1057900592872382465,'Nissan, Mobil Terbaik Pilihan Keluarga Indonesia,,,,,"[{""id"":""\\""4552671391\\"""",""name"":""\\""nissanmobilku\\""""}]",12,0,0,0,,'Indonesia,,"[""technology"",""automotive"",""travel""]",0,,,
'1057900577210781696,01/11/2018 14:42,'social_media,'twitter,'status,'keyword,'nissan,'4552671391,'nissanmobilku,'Nissan Mobil Terbaik,'Freego dan Lexi Bisa Saling Makan,-1,0,'http://pbs.twimg.com/profile_images/676231166601527297/Jo7FJChq_normal.jpg,"[""http://pbs.twimg.com/media/Dq5q99dU0AAX0Tk.jpg""]",'https://twitter.com/statuses/1057900577210781696,'Nissan, Mobil Terbaik Pilihan Keluarga Indonesia,,,,,"[{""id"":""\\""4552671391\\"""",""name"":""\\""nissanmobilku\\""""}]",12,0,0,0,,'Indonesia,,"[""technology"",""automotive"",""travel""]",0,,,
'1057888539592089600,01/11/2018 13:54,'social_media,'twitter,'status,'keyword,'nissan,'955739776069414912,'NissanYosep,'yosep nissan,'My team selamat ulang tahun papiðŸ˜®ðŸ˜®ðŸ˜® @ Ayam Kriwil Haji Nawi https://t.co/mEnhi7eOKe,0,'http://pbs.twimg.com/profile_images/956115014389153793/rIxIlfz4_normal.jpg,[],'https://twitter.com/statuses/1057888539592089600,'suka hal baru,,,,,[],3,0,0,0,,'Jakarta Selatan, DKI Jakarta,,[],0,'Indonesia,'Jakarta Selatan,'DKI Jakarta,'in
'1057865987754614784,01/11/2018 12:24,'social_media,'twitter,'status,'keyword,'nissan,'3067556646,'JapanKorea_DVD,'Hanbok Aisy,'[Copy Ori] Time in Nissan Stadium Concert Rp 50.000,0,'http://pbs.twimg.com/profile_images/574439534013775872/SUIblpOZ_normal.jpeg,[],'https://twitter.com/statuses/1057865987754614784,'Ready Stock Copy Ori Kpop dan Jpop. Bisa Request sesukamu. Free ongkir seluruh Indonesia,,,,,[],19,0,0,0,,'Surabaya,,"[""entertainment"",""economy"",""game"",""psychology""]",0,'Indonesia,'Surabaya,'Jawa Timur,'in,'id
'1057854509425156096,01/11/2018 11:39,'social_media,'twitter,'status,'keyword,'nissan,'4552671391,'nissanmobilku,'Nissan Mobil Terbaik,'Tata Harrier Mulai Masuk Lini Produksi,-1,0,'http://pbs.twimg.com/profile_images/676231166601527297/Jo7FJChq_normal.jpg,"[""http://pbs.twimg.com/media/Dq5BEebUcAAySKm.jpg""]",'https://twitter.com/statuses/1057854509425156096,'Nissan, Mobil Terbaik Pilihan Keluarga Indonesia,,,,,"[{""id"":""\\""4552671391\\"""",""name"":""\\""nissanmobilku\\""""}]",12,0,0,0,,'Indonesia,,"[""technology"",""automotive"",""travel""]",0,,,
'1057845184430510080,01/11/2018 11:02,'social_media,'twitter,'status,'keyword,'nissan,'992743232072138753,'NSJaguar911,'Yanto Hari,'AKI GS ASTRA Calcium 105D31L  12v 80ah Rp.1.735.000 ACCU911 Surabaya Tlp / WA : 087853444911 / 085102722911 #GS #ACCU #AKI #Surabaya #GSCalcium #Astra #Battery #24jam #Toyota #Fortuner #Nissan #Patrol #KIA #Pregio #Carnival #Sedona https://t.co/TFgAnYurq4,0,'http://abs.twimg.com/sticky/default_profile_images/default_profile_normal.png,"[""http://pbs.twimg.com/media/Dq4YkHWVsAAcgiW.jpg""]",'https://twitter.com/statuses/1057845184430510080,,,,,,[],2,2,3,0,,,'male,[],5,,,,'in,'id
'1057841409036668928,01/11/2018 10:47,'social_media,'twitter,'status,'keyword,'nissan,'992743232072138753,'NSJaguar911,'Yanto Hari,'AKI GS ASTRA Calcium 75D23L  12v 65ah Rp.1.285.000 ACCU911 Surabaya Tlp / WA : 087853444911 / 085102722911 #GS #ACCU #AKI #Surabaya #24jam #innova #Toyota #Alphard #Camry #Fortuner #Nissan #Juke #Xtrail #Serena #Mitsubishi #Outlander #KIA #Rio https://t.co/60cpaLqkzC,0,'http://abs.twimg.com/sticky/default_profile_images/default_profile_normal.png,"[""http://pbs.twimg.com/media/Dq4VKDoV4AAGWkR.jpg""]",'https://twitter.com/statuses/1057841409036668928,,,,,,[],2,2,3,0,,,'male,[],5,,,,'in,'id
'1057833482238525440,01/11/2018 10:15,'social_media,'twitter,'status,'keyword,'nissan,'2368828393,'yudiboy120790,'Yudi sanjaya,'di sewakan mobil nissan evalia manual include driver atau supir Mobil terawat dan bersih Driver pengalaman,-1,0,'http://pbs.twimg.com/profile_images/533611830313099264/4fAwK3mv_normal.jpeg,[],'https://twitter.com/statuses/1057833482238525440,'line: yudiboy120790,,,,,[],117,0,0,0,,'jakarta,'male,[],0,,,,'in
'1057717512425652226,01/11/2018 02:34,'social_media,'twitter,'status,'keyword,'nissan,'106216226,'jhon_wieyono,'Jhon wisata Bandung,'Rental mobil Nissan Serena di sekitar Hotel TrioÂ Bandung https://t.co/5Nuo6pKNoz https://t.co/4pn9OIy9tg,0,'http://pbs.twimg.com/profile_images/724924799810674688/RMYnVBA9_normal.jpg,"[""http://pbs.twimg.com/media/Dq3EeNzVYAAL0JY.jpg""]",'https://twitter.com/statuses/1057717512425652226,'Bandung city tour termurah hanya di seratour yang beralamat di Jl. Ir. H. Djuanda no 477 Dago Atas (022)2535898,,,,,[],125,0,0,0,,'Bandung, Jawa Barat,'male,"[""automotive"",""travel"",""fashion""]",0,'Indonesia,'Bandung,'Jawa Barat,'in
'1057698729963139077,01/11/2018 01:20,'social_media,'twitter,'status,'keyword,'nissan,'700845238328250368,'nissanxtrailsuv,'Nissan X-Trail Mobil,'Nissan X-Trail SUV  Resmi,-1,5 Juta https://t.co/M4BlYtzgHk Mobil Sporty Terbaik https://t.co/ay5EGzoPNh,0,'http://pbs.twimg.com/profile_images/700845686552551424/zndt4abX_normal.jpg,"[""http://pbs.twimg.com/media/Dq2zY6nVYAEQxy0.jpg""]",'https://twitter.com/statuses/1057698729963139077,'Nissan X-Trail, Mobil SUV Paling Tangguh dan Nyaman,,,,,[],47,0,0,0,,,,"[""technology"",""automotive"",""travel""]",0,,
